format,compression,save_time_mean,save_time_std,load_time_mean,load_time_std,random_access_ms_mean,random_access_ms_std,sequential_time,file_size_mb
hdf5,gzip_4,2.418874144554138,0.023850083351135254,0.4913889169692993,0.017031073570251465,0.016352415084838867,0.0003414154052734375,11.49421215057373,80.85099792480469
hdf5,gzip_9,2.7580660581588745,0.039466023445129395,0.48333632946014404,0.027431368827819824,0.010352015495300293,0.0013409852981567383,12.044148206710815,80.8500108718872
hdf5,none,0.08083558082580566,0.00722050666809082,0.0718834400177002,0.003924369812011719,0.010301709175109863,0.0005196332931518555,12.118505239486694,114.60416412353516
zarr,blosc_5,0.45957696437835693,0.020064949989318848,0.11672556400299072,0.010218501091003418,0.010077357292175293,0.000994563102722168,11.918313980102539,88.10255813598633
zarr,none,0.11028718948364258,5.984306335449219e-05,0.08971881866455078,0.014155864715576172,0.01163947582244873,0.0023096799850463867,12.035335302352905,114.56451606750488
npz_parquet,zstd,2.8167344331741333,0.0531383752822876,0.5253371000289917,0.015157818794250488,0.011646270751953125,0.0018916130065917969,11.925055027008057,72.11808776855469
npz_parquet,none,2.740669012069702,0.03811907768249512,0.45537030696868896,0.0007766485214233398,0.01208043098449707,0.0022394657135009766,11.915808916091919,72.11872673034668
